City_ID,City,Country,Date,Lat,Lng,Max Temp,Humidity,Cloudiness,Wind Speed
0,Tiksi,RU,2022-07-17 05:33:26,71.6872,128.8694,38.7,75,66,5.93
1,Saskylakh,RU,2022-07-17 05:27:07,71.9167,114.0833,62.4,49,92,12.93
2,Kargil,IN,2022-07-17 05:33:26,34.5667,76.1,65.14,37,62,3.06
3,Los Llanos De Aridane,ES,2022-07-17 05:33:27,28.6585,-17.9182,65.95,95,100,14.97
4,Kodiak,US,2022-07-17 05:24:24,57.79,-152.4072,58.51,82,100,0.0
5,Qaanaaq,GL,2022-07-17 05:33:27,77.484,-69.3632,47.28,65,11,3.53
6,Nhulunbuy,AU,2022-07-17 05:33:27,-12.2333,136.7667,79.41,69,75,13.8
7,Punta Arenas,CL,2022-07-17 05:28:11,-53.15,-70.9167,32.11,80,75,16.11
8,Bethel,US,2022-07-17 05:28:15,41.3712,-73.414,71.96,90,100,0.0
9,Castro,BR,2022-07-17 05:24:21,-24.7911,-50.0119,62.58,89,100,9.04
10,Keti Bandar,PK,2022-07-17 05:33:28,24.1447,67.4497,87.04,77,34,15.28
11,Tahoua,NE,2022-07-17 05:33:28,14.8888,5.2692,78.4,71,63,8.86
12,Atuona,PF,2022-07-17 05:25:36,-9.8,-139.0333,77.79,72,41,15.12
13,Khatanga,RU,2022-07-17 05:33:29,71.9667,102.5,68.29,41,51,5.84
14,Avarua,CK,2022-07-17 05:26:45,-21.2078,-159.775,73.45,73,75,8.05
15,Albany,US,2022-07-17 05:29:56,42.6001,-73.9662,72.01,84,52,3.02
16,Longyearbyen,SJ,2022-07-17 05:29:23,78.2186,15.6401,49.84,76,0,3.44
17,Gohpur,IN,2022-07-17 05:33:29,26.8833,93.6333,87.42,77,99,6.17
18,Mar Del Plata,AR,2022-07-17 05:28:18,-38.0023,-57.5575,43.09,70,40,9.22
19,Busselton,AU,2022-07-17 05:33:29,-33.65,115.3333,57.15,76,100,13.96
20,Lasa,IT,2022-07-17 05:33:30,46.6166,10.7002,64.36,57,2,1.79
21,Bay Roberts,CA,2022-07-17 05:33:30,47.5999,-53.2648,60.33,89,31,3.0
22,Ulaanbaatar,MN,2022-07-17 05:33:03,47.9077,106.8832,73.53,31,20,4.47
23,Hermanus,ZA,2022-07-17 05:33:30,-34.4187,19.2345,60.71,51,1,4.45
24,Mataura,NZ,2022-07-17 05:33:31,-46.1927,168.8643,50.49,88,87,3.2
25,Bafra,TR,2022-07-17 05:33:31,41.5678,35.9069,77.36,58,93,12.8
26,Bluff,NZ,2022-07-17 05:33:31,-46.6,168.3333,50.81,81,97,18.19
27,Noumea,NC,2022-07-17 05:25:39,-22.2763,166.4572,73.99,99,58,15.82
28,Ribeira Grande,PT,2022-07-17 05:25:37,38.5167,-28.7,70.3,92,9,6.06
29,Tasiilaq,GL,2022-07-17 05:26:49,65.6145,-37.6368,41.16,73,93,4.76
30,Port Moresby,PG,2022-07-17 05:33:32,-9.4431,147.1797,85.42,70,40,19.57
31,Bredasdorp,ZA,2022-07-17 05:24:18,-34.5322,20.0403,58.96,36,4,6.71
32,Barrow,US,2022-07-17 05:22:24,71.2906,-156.7887,37.42,87,20,14.97
33,Cabo San Lucas,MX,2022-07-17 05:21:07,22.8909,-109.9124,80.51,51,3,4.0
34,Xinqing,CN,2022-07-17 05:33:32,48.2333,129.5,67.57,78,100,6.58
35,Arraial Do Cabo,BR,2022-07-17 05:30:38,-22.9661,-42.0278,70.05,88,87,16.55
36,Leh,IN,2022-07-17 05:32:09,34.1667,77.5833,66.07,37,70,6.6
37,Rikitea,PF,2022-07-17 05:33:33,-23.1203,-134.9692,74.12,71,100,17.18
38,Cape Town,ZA,2022-07-17 05:24:03,-33.9258,18.4232,61.92,61,0,5.99
39,Caraballeda,VE,2022-07-17 05:33:33,10.6112,-66.8522,75.27,94,40,0.0
40,Upernavik,GL,2022-07-17 05:27:06,72.7868,-56.1549,41.56,91,95,8.75
41,Spencer,US,2022-07-17 05:33:33,43.1414,-95.1444,71.64,91,95,1.36
42,Coahuayana,MX,2022-07-17 05:33:34,18.7333,-103.6833,76.24,89,100,4.43
43,Dallas,US,2022-07-17 05:29:37,32.7668,-96.7836,91.76,50,40,8.05
44,Whyalla,AU,2022-07-17 05:34:34,-33.0333,137.5833,59.23,57,90,14.34
45,New Norfolk,AU,2022-07-17 05:27:04,-42.7826,147.0587,49.91,82,68,5.01
46,Jamestown,US,2022-07-17 05:25:42,42.097,-79.2353,65.84,77,0,1.01
47,Dzilam Gonzalez,MX,2022-07-17 05:34:35,21.2833,-88.9333,73.69,92,66,4.18
48,Kapaa,US,2022-07-17 05:25:38,22.0752,-159.319,82.38,82,100,16.11
49,Thompson,CA,2022-07-17 05:34:35,55.7435,-97.8558,66.36,88,75,2.3
50,Puerto Madryn,AR,2022-07-17 05:34:35,-42.7692,-65.0385,40.37,53,21,9.53
51,Santa Vitoria,BR,2022-07-17 05:34:35,-18.8386,-50.1214,70.25,46,90,6.53
52,Anadyr,RU,2022-07-17 05:25:42,64.75,177.4833,66.7,55,20,15.66
53,Los Andes,CL,2022-07-17 05:34:36,-32.8337,-70.5983,40.01,49,73,4.29
54,Esperance,AU,2022-07-17 05:32:54,-33.8667,121.9,60.8,59,67,6.78
55,Puerto Ayora,EC,2022-07-17 05:27:07,-0.7393,-90.3518,68.56,93,29,5.01
56,Ushuaia,AR,2022-07-17 05:34:36,-54.8,-68.3,42.46,52,40,9.22
57,Nikolskoye,RU,2022-07-17 05:26:50,59.7035,30.7861,60.69,69,74,5.97
58,Vila Franca Do Campo,PT,2022-07-17 05:34:37,37.7167,-25.4333,71.2,94,28,5.64
59,Epernay,FR,2022-07-17 05:31:47,49.05,3.95,61.39,50,5,5.75
60,Tocache,PE,2022-07-17 05:34:37,-8.1842,-76.5125,68.11,99,62,0.58
61,Hilo,US,2022-07-17 05:28:17,19.7297,-155.09,80.28,97,100,8.01
62,Broome,US,2022-07-17 05:29:23,42.2506,-75.833,68.0,80,0,4.61
63,Les Cayes,HT,2022-07-17 05:34:37,18.2,-73.75,77.9,78,6,3.62
64,La Ronge,CA,2022-07-17 05:34:38,55.1001,-105.2842,71.82,73,75,5.75
65,Bubaque,GW,2022-07-17 05:25:40,11.2833,-15.8333,80.08,85,83,12.73
66,Saldanha,ZA,2022-07-17 05:34:38,-33.0117,17.9442,51.85,72,1,11.36
67,Yellowknife,CA,2022-07-17 05:25:43,62.456,-114.3525,61.32,88,40,6.91
68,Tabursuq,TN,2022-07-17 05:34:39,36.4569,9.2475,72.1,58,0,3.0
69,Torbay,CA,2022-07-17 05:26:49,47.6666,-52.7314,59.58,79,40,12.66
70,Norman Wells,CA,2022-07-17 05:34:39,65.282,-126.8329,66.24,63,75,9.22
71,Carauari,BR,2022-07-17 05:34:39,-4.8828,-66.8958,74.8,89,75,2.62
72,Hasaki,JP,2022-07-17 05:34:40,35.7333,140.8333,82.29,86,52,19.1
73,Nola,IT,2022-07-17 05:34:40,40.922,14.5329,83.37,79,0,0.85
74,Faya,SA,2022-07-17 05:31:47,18.3851,42.4509,75.31,21,39,6.49
75,Dikson,RU,2022-07-17 05:34:40,73.5069,80.5464,46.11,69,70,8.93
76,Tuktoyaktuk,CA,2022-07-17 05:34:41,69.4541,-133.0374,57.2,82,100,3.44
77,Ondangwa,NA,2022-07-17 05:34:41,-17.9167,15.95,50.0,37,0,4.61
78,Chuy,UY,2022-07-17 05:27:10,-33.6971,-53.4616,46.22,86,100,15.41
79,College,US,2022-07-17 05:25:33,64.8569,-147.8028,68.32,71,75,0.0
80,Gusau,NG,2022-07-17 05:34:41,12.1628,6.6614,73.18,87,100,8.28
81,Sfantu Gheorghe,RO,2022-07-17 05:33:11,45.8667,25.7833,66.81,40,24,5.59
82,Rondonopolis,BR,2022-07-17 05:34:42,-16.4708,-54.6356,72.48,49,82,4.99
83,Bima,ID,2022-07-17 05:34:42,-8.4667,118.7167,87.55,55,38,6.2
84,Novokayakent,RU,2022-07-17 05:34:42,42.3937,47.9861,84.42,53,0,6.8
85,Sirari,TZ,2022-07-17 05:34:43,-1.2333,34.4333,67.05,59,70,7.52
86,Santa Rosa,PH,2022-07-17 05:34:43,14.3122,121.1114,89.11,68,100,4.09
87,Ilebo,CD,2022-07-17 05:34:44,-4.3167,20.5833,74.86,70,45,0.27
88,Mount Isa,AU,2022-07-17 05:31:52,-20.7333,139.5,78.57,29,0,6.91
89,Fukue,JP,2022-07-17 05:34:44,32.6881,128.8419,82.76,74,75,3.44
90,Bac Lieu,VN,2022-07-17 05:30:04,9.285,105.7244,86.16,70,23,13.56
91,Bambous Virieux,MU,2022-07-17 05:29:30,-20.3428,57.7575,73.22,73,40,14.97
92,Sitka,US,2022-07-17 05:35:44,57.0531,-135.33,57.09,88,75,4.61
93,Guerrero Negro,MX,2022-07-17 05:34:20,27.9769,-114.0611,66.81,86,4,9.6
94,Iskitim,RU,2022-07-17 05:35:45,54.6366,83.3045,70.23,55,95,6.17
95,Manggar,ID,2022-07-17 05:35:45,-2.8833,108.2667,83.64,67,100,7.0
96,Nemuro,JP,2022-07-17 05:30:36,43.3236,145.575,62.53,99,100,22.95
97,Ponta Do Sol,PT,2022-07-17 05:35:46,32.6667,-17.1,67.71,78,28,7.16
98,Kirakira,SB,2022-07-17 05:27:05,-10.4544,161.9205,83.77,72,20,12.8
99,Pisco,PE,2022-07-17 05:27:06,-13.7,-76.2167,58.01,82,10,2.3
100,Chokurdakh,RU,2022-07-17 05:31:41,70.6333,147.9167,47.32,32,32,16.89
101,Comodoro Rivadavia,AR,2022-07-17 05:35:46,-45.8667,-67.5,39.06,60,0,6.91
102,Stykkisholmur,IS,2022-07-17 05:35:47,65.0757,-22.7297,50.09,93,98,4.23
103,Hithadhoo,MV,2022-07-17 05:26:55,-0.6,73.0833,84.97,69,28,14.74
104,Deputatskiy,RU,2022-07-17 05:35:47,69.3,139.9,55.27,48,100,5.55
105,Hualmay,PE,2022-07-17 05:31:46,-11.0964,-77.6139,59.76,86,34,8.34
106,Port Alfred,ZA,2022-07-17 05:32:25,-33.5906,26.891,66.72,41,18,13.38
107,Maningrida,AU,2022-07-17 05:35:48,-12.0667,134.2667,81.95,44,59,10.74
108,Havoysund,NO,2022-07-17 05:35:48,70.9963,24.6622,50.23,97,100,24.32
109,Butaritari,KI,2022-07-17 05:35:48,3.0707,172.7902,81.1,75,99,6.31
110,Omboue,GA,2022-07-17 05:35:48,-1.5746,9.2618,71.17,82,57,4.41
111,Erenhot,CN,2022-07-17 05:35:49,43.6475,111.9767,80.26,21,0,17.25
112,Kalabo,ZM,2022-07-17 05:34:15,-14.97,22.6814,51.94,56,0,5.46
113,Te Anau,NZ,2022-07-17 05:28:20,-45.4167,167.7167,43.83,97,100,6.98
114,Talnakh,RU,2022-07-17 05:35:49,69.4865,88.3972,67.21,38,100,13.06
115,Bairiki,KI,2022-07-17 05:35:50,1.3292,172.9752,78.8,83,75,11.5
116,Uzyn,UA,2022-07-17 05:35:50,49.8262,30.4149,61.03,77,85,11.9
117,Bulungu,CD,2022-07-17 05:35:50,-4.55,18.6,77.85,48,75,1.66
118,Port Lincoln,AU,2022-07-17 05:35:51,-34.7333,135.8667,55.6,63,65,20.78
119,Pontian Kecil,MY,2022-07-17 05:35:51,1.4801,103.3899,95.29,61,71,7.07
120,Hobart,AU,2022-07-17 05:32:15,-42.8794,147.3294,49.86,64,20,26.46
121,Provideniya,RU,2022-07-17 05:35:51,64.3833,-173.3,53.51,57,77,6.38
122,Avera,US,2022-07-17 05:27:11,33.194,-82.5271,75.25,81,39,4.92
123,Mahebourg,MU,2022-07-17 05:27:03,-20.4081,57.7,73.26,73,40,14.97
124,Mookane,BW,2022-07-17 05:35:52,-23.688,26.6595,50.7,83,0,4.54
125,Salalah,OM,2022-07-17 05:35:52,17.0151,54.0924,78.89,89,100,9.22
126,Rock Sound,BS,2022-07-17 05:35:53,24.9,-76.2,82.47,80,71,18.7
127,Turukhansk,RU,2022-07-17 05:35:53,65.8167,87.9833,66.9,46,54,8.77
128,Moose Factory,CA,2022-07-17 05:35:53,51.2585,-80.6094,57.2,100,40,0.0
129,Buchanan,LR,2022-07-17 05:35:54,5.8808,-10.0467,75.42,87,100,9.28
130,Oranjemund,NA,2022-07-17 05:35:54,-28.55,16.4333,65.55,29,5,9.95
131,Lorengau,PG,2022-07-17 05:35:54,-2.0226,147.2712,84.24,72,34,11.1
132,Vaini,TO,2022-07-17 05:35:54,-21.2,-175.2,77.16,94,40,4.61
133,Leningradskiy,RU,2022-07-17 05:30:35,69.3833,178.4167,39.81,90,100,5.95
134,Murray Bridge,AU,2022-07-17 05:36:55,-35.1167,139.2667,53.13,80,36,14.29
135,Urengoy,RU,2022-07-17 05:36:55,65.9667,78.3667,71.22,42,88,14.72
136,Emerald,AU,2022-07-17 05:36:55,-23.5333,148.1667,70.34,46,1,8.68
137,Viedma,AR,2022-07-17 05:30:38,-40.8135,-62.9967,36.25,70,11,9.73
138,Jizan,SA,2022-07-17 05:36:56,17.3333,42.6667,94.14,35,19,6.49
139,Aksha,RU,2022-07-17 05:36:56,50.2814,113.2867,76.69,34,90,8.95
140,Hay River,CA,2022-07-17 05:36:57,60.8156,-115.7999,64.38,72,8,3.44
141,Saint-Philippe,RE,2022-07-17 05:36:57,-21.3585,55.7679,73.22,78,35,16.35
142,Zalantun,CN,2022-07-17 05:36:57,48.0,122.7167,76.55,65,87,7.09
143,Dhidhdhoo,MV,2022-07-17 05:36:58,6.8833,73.1,81.72,80,82,9.35
144,Bengkulu,ID,2022-07-17 05:36:58,-3.8004,102.2655,85.14,67,80,7.87
145,Klyuchi,RU,2022-07-17 05:36:58,52.2667,79.1667,73.69,64,99,8.08
146,Puerto Ayacucho,VE,2022-07-17 05:36:58,5.6639,-67.6236,73.4,95,100,3.44
147,Sokolka,PL,2022-07-17 05:36:59,53.4072,23.5023,56.66,95,97,8.5
148,Goure,NE,2022-07-17 05:36:59,13.9835,10.2704,81.39,63,93,9.71
149,East London,ZA,2022-07-17 05:36:59,-33.0153,27.9116,65.34,36,0,11.5
150,San Nicolas,PH,2022-07-17 05:37:00,18.1725,120.5953,87.71,70,75,10.36
151,Saint George,US,2022-07-17 05:32:04,37.1041,-113.5841,97.39,22,0,0.0
152,Lebu,CL,2022-07-17 05:31:43,-37.6167,-73.65,48.11,93,100,26.26
153,Tirano,IT,2022-07-17 05:37:00,46.2154,10.1679,75.47,35,1,0.38
154,Quimper,FR,2022-07-17 05:36:57,48.0,-4.1,70.38,49,0,8.05
155,Bauru,BR,2022-07-17 05:37:00,-22.3147,-49.0606,67.82,66,100,2.84
156,Tutoia,BR,2022-07-17 05:30:41,-2.7619,-42.2744,76.73,88,30,8.37
157,Grindavik,IS,2022-07-17 05:37:01,63.8424,-22.4338,48.15,100,75,2.3
158,Brae,GB,2022-07-17 05:37:01,60.3964,-1.353,54.7,95,96,16.58
159,Lyubech,UA,2022-07-17 05:37:02,51.7026,30.6569,59.88,75,98,10.27
160,Ambon,ID,2022-07-17 05:37:02,-3.6954,128.1814,78.94,83,75,9.22
161,Saltpond,GH,2022-07-17 05:37:02,5.2091,-1.0606,74.5,87,100,10.09
162,Clyde River,CA,2022-07-17 05:23:51,70.4692,-68.5914,32.23,100,100,12.66
163,Astoria,US,2022-07-17 05:37:03,46.1879,-123.8313,58.91,87,2,1.01
164,Srednekolymsk,RU,2022-07-17 05:37:03,67.45,153.6833,59.22,43,68,20.11
165,Grand Island,US,2022-07-17 05:37:03,40.925,-98.342,74.98,91,20,3.44
166,Jega,NG,2022-07-17 05:37:04,12.2175,4.3792,75.06,86,97,6.8
167,Romny,UA,2022-07-17 05:37:04,50.751,33.4747,56.55,92,99,5.28
168,Igarka,RU,2022-07-17 05:37:04,67.4667,86.5833,60.28,63,100,11.39
169,Suffolk,US,2022-07-17 05:35:03,40.8668,-72.7996,75.87,93,75,0.0
170,Nanortalik,GL,2022-07-17 05:37:05,60.1432,-45.2371,40.48,86,16,6.85
171,Necochea,AR,2022-07-17 05:37:05,-38.5473,-58.7368,38.88,63,16,14.03
172,Camacha,PT,2022-07-17 05:33:09,33.0833,-16.3333,65.62,83,40,9.22
173,Obihiro,JP,2022-07-17 05:37:05,42.9172,143.2044,65.61,99,100,5.28
174,Kudahuvadhoo,MV,2022-07-17 05:37:06,2.6708,72.8944,82.38,72,48,4.05
175,Mahad,IN,2022-07-17 05:37:06,18.0833,73.4167,81.12,89,99,7.96
176,Mehamn,NO,2022-07-17 05:37:06,71.0357,27.8492,51.75,93,100,14.97
177,Manuk Mangkaw,PH,2022-07-17 05:37:07,4.8,119.85,81.91,76,93,11.74
178,Carnarvon,AU,2022-07-17 05:37:07,-24.8667,113.6333,72.73,50,84,9.24
179,Pevek,RU,2022-07-17 05:37:07,69.7008,170.3133,32.45,98,100,21.39
180,Portobelo,PA,2022-07-17 05:38:08,9.55,-79.65,79.74,86,83,8.48
181,Lazaro Cardenas,MX,2022-07-17 05:38:08,17.9583,-102.2,78.66,90,99,7.76
182,Geraldton,AU,2022-07-17 05:38:08,-28.7667,114.6,66.61,72,100,8.05
183,Atar,MR,2022-07-17 05:38:09,20.5169,-13.0499,88.86,16,2,5.37
184,George Town,MY,2022-07-17 05:37:32,5.4112,100.3354,91.33,70,20,7.0
185,Laem Sing,TH,2022-07-17 05:38:09,12.4816,102.0738,89.42,99,57,7.78
186,Karaton,ID,2022-07-17 05:38:09,-6.3424,106.1045,83.46,72,94,4.07
187,Tautira,PF,2022-07-17 05:38:10,-17.7333,-149.15,75.33,74,69,22.62
188,Sur,OM,2022-07-17 05:38:10,22.5667,59.5289,82.45,74,100,17.09
189,Myitkyina,MM,2022-07-17 05:38:10,25.3833,97.4,85.89,80,100,2.51
190,Rincon,US,2022-07-17 05:38:11,32.296,-81.2354,80.85,88,0,2.24
191,Tay Ninh,VN,2022-07-17 05:38:11,11.3,106.1,88.75,64,39,10.4
192,Lasem,ID,2022-07-17 05:38:11,-6.6922,111.4527,84.45,70,78,8.46
193,Karratha,AU,2022-07-17 05:38:12,-20.7377,116.8463,77.41,31,0,9.13
194,Nichinan,JP,2022-07-17 05:38:12,31.6,131.3667,82.08,77,100,6.67
195,Aksu,CN,2022-07-17 05:38:12,41.1231,80.2644,90.09,20,0,6.15
196,Berdigestyakh,RU,2022-07-17 05:38:13,62.0989,126.6992,89.49,42,40,5.37
197,Waipawa,NZ,2022-07-17 05:30:39,-41.4122,175.5153,48.31,70,16,22.12
198,Ketchikan,US,2022-07-17 05:38:13,55.3422,-131.6461,57.18,94,0,0.0
199,Codrington,AU,2022-07-17 05:38:13,-38.2667,141.9667,49.71,72,81,21.05
200,Sinnamary,GF,2022-07-17 05:38:13,5.3833,-52.95,76.48,87,76,4.45
201,Campina Verde,BR,2022-07-17 05:38:14,-19.5356,-49.4864,68.76,45,88,7.76
202,Sao Felix Do Xingu,BR,2022-07-17 05:31:45,-6.6447,-51.995,70.84,59,40,1.92
203,Nakamura,JP,2022-07-17 05:38:14,32.9833,132.9333,82.38,65,100,5.1
204,Klamath Falls,US,2022-07-17 05:38:15,42.2249,-121.7817,62.51,67,0,4.61
205,Port Elizabeth,ZA,2022-07-17 05:38:15,-33.918,25.5701,53.89,66,0,2.3
206,Capalnita,RO,2022-07-17 05:38:15,46.3667,25.5167,62.98,43,29,6.38
207,Rosarito,MX,2022-07-17 05:37:42,32.3333,-117.0333,72.66,80,12,4.79
208,Honningsvag,NO,2022-07-17 05:38:15,70.9821,25.9704,49.75,93,100,17.27
209,Port Blair,IN,2022-07-17 05:38:16,11.6667,92.75,80.64,89,75,8.05
210,Kita,ML,2022-07-17 05:38:16,13.0349,-9.4895,73.08,96,100,7.4
211,Dolinsk,RU,2022-07-17 05:38:16,47.35,142.8,57.52,98,100,7.23
212,Tuatapere,NZ,2022-07-17 05:23:46,-46.1333,167.6833,45.03,90,94,10.63
213,Namibe,AO,2022-07-17 05:38:17,-15.1961,12.1522,67.62,71,0,6.82
214,Nawalapitiya,LK,2022-07-17 05:38:17,7.0559,80.5348,81.61,66,99,6.55
215,Verkhoyansk,RU,2022-07-17 05:38:17,67.5447,133.385,54.52,73,100,3.71
216,Souillac,MU,2022-07-17 05:38:18,-20.5167,57.5167,71.98,73,40,14.97
217,Panjab,AF,2022-07-17 05:38:18,34.388,67.0233,74.66,18,0,1.99
218,Ostrovnoy,RU,2022-07-17 05:38:18,68.0531,39.5131,64.15,63,9,11.74
219,Yumen,CN,2022-07-17 05:38:19,40.2833,97.2,85.87,15,81,18.5
220,Isabela,PH,2022-07-17 05:38:19,6.7085,121.9711,86.05,71,83,8.52
221,Whitehorse,CA,2022-07-17 05:38:19,60.7161,-135.0538,57.97,58,100,12.66
222,Belyy Yar,RU,2022-07-17 05:38:20,53.6039,91.3903,76.86,47,0,0.0
223,Kruisfontein,ZA,2022-07-17 05:38:20,-34.0033,24.7314,62.37,31,8,13.51
224,Fortuna,US,2022-07-17 05:38:20,40.5982,-124.1573,59.99,84,30,3.0
225,Faanui,PF,2022-07-17 05:38:21,-16.4833,-151.75,77.68,68,29,18.97
226,Bukachacha,RU,2022-07-17 05:38:21,52.9833,116.9167,62.92,98,100,1.54
227,Khash,IR,2022-07-17 05:38:21,28.2211,61.2158,91.67,8,9,19.46
228,Kamaishi,JP,2022-07-17 05:39:22,39.2667,141.8833,75.69,90,93,8.61
229,Belchertown,US,2022-07-17 05:36:45,42.277,-72.4009,67.86,84,40,4.61
230,Luderitz,NA,2022-07-17 05:39:22,-26.6481,15.1594,65.14,33,0,5.48
231,Moussoro,TD,2022-07-17 05:39:22,13.6408,16.4901,80.44,69,98,6.67
232,Itapage,BR,2022-07-17 05:39:23,-3.6867,-39.5861,70.5,90,8,4.36
233,La Paz,BO,2022-07-17 05:37:23,-16.5,-68.15,30.18,46,37,2.3
234,Alice Springs,AU,2022-07-17 05:39:23,-23.7,133.8833,72.95,8,1,5.75
235,Kaitangata,NZ,2022-07-17 05:39:24,-46.2817,169.8464,44.44,81,89,6.04
236,Sazonovo,RU,2022-07-17 05:39:24,59.0919,35.2268,62.55,53,98,4.61
237,Candolim,IN,2022-07-17 05:39:24,15.5181,73.7626,80.6,89,75,10.36
238,Am Timan,TD,2022-07-17 05:39:25,11.0297,20.2827,73.85,85,100,3.49
239,Whitecourt,CA,2022-07-17 05:38:27,54.1502,-115.6855,57.07,95,66,5.06
240,Le Port,RE,2022-07-17 05:39:25,-20.9373,55.2919,73.62,59,13,3.49
241,Krivodol,BG,2022-07-17 05:39:25,43.3744,23.4844,79.47,27,0,5.84
242,Hamilton,US,2022-07-17 05:39:25,39.1834,-84.5333,78.57,83,20,0.0
243,Kidodi,TZ,2022-07-17 05:39:26,-7.6036,37.0044,71.58,65,60,3.4
244,Dingle,PH,2022-07-17 05:39:26,10.9995,122.6711,85.59,74,94,10.25
245,Neryungri,RU,2022-07-17 05:39:26,56.6709,124.6491,79.68,54,35,4.16
246,Poyarkovo,RU,2022-07-17 05:39:27,49.6,128.6833,76.32,68,100,10.47
247,Tamandare,BR,2022-07-17 05:39:27,-8.7597,-35.1047,74.52,84,75,12.44
248,Pochutla,MX,2022-07-17 05:39:27,15.7432,-96.4661,76.82,89,99,4.83
249,Cairns,AU,2022-07-17 05:39:28,-16.9167,145.7667,77.07,61,40,17.27
250,Lagoa Nova,BR,2022-07-17 05:39:28,-6.1,-36.4833,68.04,80,85,14.2
251,Hirara,JP,2022-07-17 05:39:28,24.8,125.2833,88.07,79,75,11.5
252,Fecamp,FR,2022-07-17 05:39:28,49.7579,0.3746,63.48,53,40,9.44
253,Canton,CN,2022-07-17 05:38:12,23.1167,113.25,94.95,54,98,11.65
254,Binga,ZW,2022-07-17 05:39:29,-17.6203,27.3414,59.54,50,0,1.88
255,Kuryk,KZ,2022-07-17 05:39:29,43.2,51.65,93.2,26,0,5.08
256,Airai,TL,2022-07-17 05:39:30,-8.9266,125.4092,67.96,63,64,3.71
257,Vila Velha,BR,2022-07-17 05:35:29,-20.3297,-40.2925,71.55,93,20,6.91
258,Boissevain,CA,2022-07-17 05:39:30,49.2306,-100.0559,70.65,84,0,10.74
259,Tromso,NO,2022-07-17 05:39:30,69.6496,18.957,48.22,93,75,9.22
260,Zhangye,CN,2022-07-17 05:39:31,38.9342,100.4517,82.96,22,100,2.59
261,Preobrazhenka,UA,2022-07-17 05:39:31,47.5719,35.8167,76.44,37,0,7.56
262,Goedereede,NL,2022-07-17 05:39:31,51.8175,3.9806,61.99,82,48,7.65
263,Half Moon Bay,US,2022-07-17 05:39:31,37.4636,-122.4286,68.79,87,100,16.11
264,Collie,AU,2022-07-17 05:39:32,-33.3667,116.15,52.0,90,100,7.47
265,Bardiyah,LY,2022-07-17 05:39:32,31.7561,25.0865,79.54,62,0,13.38
266,Gat,IL,2022-07-17 05:39:32,31.61,34.7642,82.4,100,0,3.27
267,Dunedin,NZ,2022-07-17 05:36:40,-45.8742,170.5036,53.8,38,100,5.99
268,Okhotsk,RU,2022-07-17 05:39:33,59.3833,143.3,62.31,82,61,9.84
269,Tres Arroyos,AR,2022-07-17 05:35:11,-38.3739,-60.2798,36.19,65,6,13.11
270,Margate,GB,2022-07-17 05:35:42,51.3813,1.3862,64.9,73,98,3.0
271,Alenquer,BR,2022-07-17 05:31:53,-1.9417,-54.7383,73.56,84,58,2.24
272,Villanueva,HN,2022-07-17 05:40:33,15.3167,-88.0,79.03,94,20,3.44
273,Nguruka,TZ,2022-07-17 05:40:34,-5.1092,31.0419,68.43,49,15,11.01
274,Santiago,CL,2022-07-17 05:40:01,-33.4569,-70.6483,46.85,63,42,2.3
275,Nantucket,US,2022-07-17 05:39:57,41.2835,-70.0995,73.51,94,100,5.75
276,Yar-Sale,RU,2022-07-17 05:40:34,66.8333,70.8333,69.22,46,57,7.96
277,Lavrentiya,RU,2022-07-17 05:40:34,65.5833,-171.0,53.67,67,77,9.4
278,Palmer,US,2022-07-17 05:40:35,42.1584,-72.3287,68.52,87,40,4.61
279,Joutseno,FI,2022-07-17 05:40:35,61.118,28.5076,58.53,83,90,11.54
280,Itarema,BR,2022-07-17 05:40:35,-2.9248,-39.9167,78.15,78,8,16.84
281,Nishihara,JP,2022-07-17 05:40:36,26.1842,127.7558,89.26,83,75,16.11
282,Channel-Port Aux Basques,CA,2022-07-17 05:37:32,47.5702,-59.1367,60.24,86,22,6.29
283,Naryan-Mar,RU,2022-07-17 05:40:36,67.6713,53.087,70.09,76,100,9.13
284,Santa Ana,US,2022-07-17 05:40:36,33.7456,-117.8678,77.52,84,0,3.44
285,Araouane,ML,2022-07-17 05:40:37,18.9048,-3.5265,86.61,49,79,13.62
286,Poso,ID,2022-07-17 05:40:37,-1.3959,120.7524,85.42,65,93,4.14
287,Talakan,RU,2022-07-17 05:40:37,50.3167,130.3667,73.13,86,100,2.24
288,Manokwari,ID,2022-07-17 05:40:38,-0.8667,134.0833,77.0,89,100,8.72
289,Shimoda,JP,2022-07-17 05:40:38,34.6667,138.95,85.1,80,34,13.22
290,Zhigansk,RU,2022-07-17 05:40:38,66.7697,123.3711,64.58,60,62,13.65
291,Yulara,AU,2022-07-17 05:40:39,-25.2406,130.9889,70.14,11,1,4.34
292,Aflao,TG,2022-07-17 05:40:39,6.116,1.1914,75.6,86,100,10.02
293,Waitati,NZ,2022-07-17 05:40:39,-45.75,170.5667,54.81,38,100,9.08
294,Long Beach,US,2022-07-17 05:40:40,33.767,-118.1892,72.88,90,40,1.99
295,Rameshki,RU,2022-07-17 05:40:40,57.3439,36.0453,59.76,59,100,3.11
296,Romitan,UZ,2022-07-17 05:40:40,39.9343,64.3814,94.95,23,0,13.8
297,West Bay,KY,2022-07-17 05:40:40,19.3667,-81.4167,82.0,84,49,1.99
298,Auki,SB,2022-07-17 05:40:41,-8.7676,160.7034,83.44,68,53,5.44
299,Byron Bay,AU,2022-07-17 05:40:41,-28.65,153.6167,69.94,57,0,12.95
300,Gazalkent,UZ,2022-07-17 05:40:41,41.5581,69.7708,99.14,9,0,10.71
301,Alofi,NU,2022-07-17 05:40:42,-19.0595,-169.9187,73.29,88,11,9.22
302,Vari,GR,2022-07-17 05:40:42,37.8312,23.8081,90.84,36,0,14.97
303,Novosheshminsk,RU,2022-07-17 05:40:42,55.0651,51.2338,74.25,69,100,4.81
304,Georgetown,MY,2022-07-17 05:39:29,5.4112,100.3354,91.33,70,20,7.0
305,Gouyave,GD,2022-07-17 05:40:43,12.1646,-61.7296,79.57,83,40,16.11
306,Sete,FR,2022-07-17 05:40:43,43.4018,3.6966,74.88,44,1,4.97
307,Kununurra,AU,2022-07-17 05:40:43,-15.7667,128.7333,84.18,18,88,8.05
308,Koslan,RU,2022-07-17 05:40:44,63.4564,48.8989,69.51,46,27,5.03
309,Samarai,PG,2022-07-17 05:40:44,-10.6167,150.6667,79.81,84,67,16.28
310,Aleksandrov Gay,RU,2022-07-17 05:40:44,50.147,48.5704,83.43,32,92,0.98
311,Aklavik,CA,2022-07-17 05:40:45,68.2191,-135.0107,57.45,77,62,4.5
312,Salinas,US,2022-07-17 05:36:03,36.6777,-121.6555,65.01,81,100,11.5
313,Neiafu,TO,2022-07-17 05:40:45,-18.65,-173.9833,79.48,73,40,6.91
314,Isangel,VU,2022-07-17 05:40:45,-19.55,169.2667,72.3,80,48,18.32
315,Ilulissat,GL,2022-07-17 05:40:46,69.2167,-51.1,42.82,93,49,2.3
316,Olenegorsk,RU,2022-07-17 05:40:46,68.15,33.3,63.32,69,46,7.76
317,Butembo,CD,2022-07-17 05:40:46,0.15,29.2833,65.19,77,70,1.1
318,Klaksvik,FO,2022-07-17 05:40:47,62.2266,-6.589,50.92,88,84,22.26
319,Ust-Kuyga,RU,2022-07-17 05:41:47,70.0167,135.6,58.24,45,100,9.89
320,Inderka,RU,2022-07-17 05:41:47,53.2485,46.2582,72.68,75,86,3.15
321,Ust-Tsilma,RU,2022-07-17 05:41:48,65.441,52.1498,74.41,42,42,6.62
322,Gazojak,TM,2022-07-17 05:41:48,41.1875,61.4036,104.13,12,0,12.15
323,Paamiut,GL,2022-07-17 05:41:48,61.994,-49.6678,41.72,83,96,11.25
324,Inirida,CO,2022-07-17 05:41:49,3.8653,-67.9239,72.9,97,80,3.04
325,Parnarama,BR,2022-07-17 05:41:49,-5.6817,-43.0933,74.12,54,65,2.64
326,Doha,QA,2022-07-17 05:37:29,25.2867,51.5333,98.58,57,50,3.44
327,Port-Gentil,GA,2022-07-17 05:41:49,-0.7193,8.7815,75.16,83,75,4.61
328,Piriyapatna,IN,2022-07-17 05:41:50,12.3397,76.0992,70.81,88,100,7.7
329,Estelle,US,2022-07-17 05:41:50,29.8458,-90.1067,80.6,84,0,3.44
330,Doka,SD,2022-07-17 05:41:50,13.5167,35.7667,76.96,69,67,9.62
331,Buzmeyin,TM,2022-07-17 05:41:51,38.0507,58.2056,94.73,15,0,4.61
332,Padang,ID,2022-07-17 05:41:51,-0.9492,100.3543,87.85,61,35,5.77
333,Bouza,NE,2022-07-17 05:41:51,14.4229,6.0428,78.01,74,70,8.08
334,Camabatela,AO,2022-07-17 05:41:52,-8.1881,15.375,60.1,70,6,3.31
335,Derzhavinsk,KZ,2022-07-17 05:41:52,51.1,66.3167,77.86,52,8,13.15
336,Severo-Kurilsk,RU,2022-07-17 05:41:52,50.6789,156.125,54.7,94,97,1.28
337,Najran,SA,2022-07-17 05:41:52,17.4924,44.1277,90.25,14,44,18.81
338,Constitucion,CL,2022-07-17 05:41:53,-35.3333,-72.4167,45.72,81,98,6.15
339,Sao Filipe,CV,2022-07-17 05:41:53,14.8961,-24.4956,75.07,85,9,9.1
340,Kysyl-Syr,RU,2022-07-17 05:41:53,63.8986,122.7617,78.84,64,95,4.65
341,Wonosari,ID,2022-07-17 05:41:54,-7.9656,110.6036,81.23,72,91,13.2
342,Ahipara,NZ,2022-07-17 05:41:54,-35.1667,173.1667,52.84,72,50,3.62
343,Surt,LY,2022-07-17 05:41:55,31.2089,16.5887,78.13,62,0,5.93
344,Mabaruma,GY,2022-07-17 05:41:55,8.2,-59.7833,71.74,99,10,1.95
345,Mpika,ZM,2022-07-17 05:41:55,-11.8343,31.4529,56.08,63,0,12.55
346,Nabire,ID,2022-07-17 05:41:55,-3.3667,135.4833,80.06,87,100,5.08
347,Virovitica,HR,2022-07-17 05:41:56,45.8319,17.3839,68.29,47,97,7.05
348,Bathsheba,BB,2022-07-17 05:41:56,13.2167,-59.5167,81.21,93,75,21.85
349,Saint-Paul,RE,2022-07-17 05:39:14,-21.0096,55.2707,73.74,66,14,2.44
350,Japura,ID,2022-07-17 05:41:57,-0.3167,102.35,88.72,58,100,2.42
351,Katangli,RU,2022-07-17 05:41:57,51.7102,143.2326,54.46,84,99,13.96
352,Dambulla,LK,2022-07-17 05:41:57,7.86,80.6517,91.08,47,100,12.57
353,Pangkalanbuun,ID,2022-07-17 05:41:58,-2.6833,111.6167,73.26,95,100,5.23
354,Iqaluit,CA,2022-07-17 05:41:58,63.7506,-68.5145,44.33,87,100,4.61
355,Bonavista,CA,2022-07-17 05:41:58,48.6499,-53.1147,54.75,89,94,6.13
356,Nyurba,RU,2022-07-17 05:41:58,63.2842,118.3319,70.57,66,98,4.34
357,Candido De Abreu,BR,2022-07-17 05:41:59,-24.5669,-51.3333,59.97,95,82,1.88
358,Nibbar,TN,2022-07-17 05:41:59,36.2941,8.7666,73.51,64,0,1.14
359,Udomlya,RU,2022-07-17 05:39:23,57.8794,34.9925,59.99,59,100,5.21
360,Los Alamos,US,2022-07-17 05:38:30,35.8881,-106.307,74.37,39,0,11.5
361,Labrea,BR,2022-07-17 05:41:59,-7.2586,-64.7981,72.3,95,65,1.16
362,Naze,JP,2022-07-17 05:38:56,28.3667,129.4833,77.92,79,100,12.84
363,Mineros,BO,2022-07-17 05:42:00,-17.1167,-63.2333,53.49,77,98,14.5
364,Ler,SS,2022-07-17 05:42:00,8.3018,30.1418,79.52,68,96,3.47
365,Nanma,CN,2022-07-17 05:42:00,36.1817,118.1583,76.41,84,98,4.07
366,Kahului,US,2022-07-17 05:43:01,20.8947,-156.47,78.84,80,40,20.71
367,Podosinovets,RU,2022-07-17 05:43:01,60.2776,47.0659,68.4,55,89,4.18
368,Victoria,HK,2022-07-17 05:43:01,22.2855,114.1577,95.05,86,100,8.99
369,Zaraza,VE,2022-07-17 05:43:02,9.3503,-65.3245,72.77,97,97,3.18
370,Labuhan,ID,2022-07-17 05:43:02,-6.8844,112.2051,83.55,71,92,9.73
371,Douglas,US,2022-07-17 05:43:02,41.3,-96.167,73.33,94,75,4.61
372,Laguna,US,2022-07-17 05:40:12,38.421,-121.4238,85.75,34,0,4.61
373,Ancud,CL,2022-07-17 05:43:03,-41.8697,-73.8203,45.23,89,100,8.68
374,Coihaique,CL,2022-07-17 05:43:03,-45.5752,-72.0662,36.21,86,75,5.75
375,Bereznik,RU,2022-07-17 05:43:03,62.8551,42.7072,66.79,57,8,3.62
376,Krasnaya Gora,RU,2022-07-17 05:43:04,52.9995,31.6023,59.95,75,87,3.42
377,Payson,US,2022-07-17 05:43:04,40.0444,-111.7321,81.37,36,0,8.05
378,Otjimbingwe,NA,2022-07-17 05:43:04,-22.35,16.1333,53.85,46,0,7.87
379,Sibolga,ID,2022-07-17 05:43:05,1.7427,98.7792,88.03,57,37,6.02
380,Champerico,GT,2022-07-17 05:43:05,14.3,-91.9167,79.79,80,50,5.37
381,Katsuura,JP,2022-07-17 05:43:05,35.1333,140.3,77.02,83,44,16.78
382,Moyale,KE,2022-07-17 05:43:06,3.5167,39.0584,65.46,72,97,14.61
383,Sonoma,US,2022-07-17 05:43:06,38.55,-122.9011,67.71,66,0,5.75
384,Samarkand,UZ,2022-07-17 05:43:06,39.6542,66.9597,92.62,18,0,9.22
385,Marsh Harbour,BS,2022-07-17 05:43:07,26.5412,-77.0636,82.0,81,27,16.82
386,Quang Ngai,VN,2022-07-17 05:40:54,15.1167,108.8,93.92,54,87,9.89
387,San Patricio,US,2022-07-17 05:41:35,28.017,-97.5169,83.89,82,0,10.92
388,Hanumangarh,IN,2022-07-17 05:43:07,29.5833,74.3167,95.65,44,51,11.32
389,Nador,MA,2022-07-17 05:41:35,35.174,-2.9287,75.45,83,40,5.75
390,Ibanda,TZ,2022-07-17 05:43:07,-2.7974,32.4746,68.54,53,14,11.68
391,Sorong,ID,2022-07-17 05:43:08,-0.8833,131.25,81.46,82,100,11.72
392,Coquimbo,CL,2022-07-17 05:43:08,-29.9533,-71.3436,47.93,61,0,5.75
393,Balgazyn,RU,2022-07-17 05:43:08,51.0,95.2,83.86,22,33,3.15
394,Menongue,AO,2022-07-17 05:43:09,-14.6585,17.691,48.04,57,1,5.37
395,Novopistsovo,RU,2022-07-17 05:43:09,57.3218,41.8531,66.22,61,94,0.87
396,Giyani,ZA,2022-07-17 05:43:09,-23.3025,30.7187,59.41,82,98,7.92
397,Changde,CN,2022-07-17 05:43:10,29.0464,111.6783,82.6,86,100,4.14
398,Coos Bay,US,2022-07-17 05:43:10,43.3665,-124.2179,58.98,94,0,8.05
399,Erdemli,TR,2022-07-17 05:43:10,36.605,34.3084,84.15,60,0,5.21
400,Hambantota,LK,2022-07-17 05:41:34,6.1241,81.1185,89.94,66,40,5.75
401,Kaliua,TZ,2022-07-17 05:43:11,-5.0606,31.7936,68.38,51,37,9.93
402,Bandarbeyla,SO,2022-07-17 05:43:11,9.4942,50.8122,85.64,46,26,35.72
403,Flinders,AU,2022-07-17 05:43:11,-34.5833,150.8552,67.28,45,0,7.67
404,Nioro,GM,2022-07-17 05:43:12,13.35,-15.75,79.25,78,95,10.67
405,Siavonga,ZM,2022-07-17 05:43:12,-16.5382,28.7088,62.74,48,22,1.03
406,Sakakah,SA,2022-07-17 05:43:12,29.9697,40.2064,87.37,14,2,7.81
407,Montevideo,UY,2022-07-17 05:42:30,-34.8335,-56.1674,46.11,65,75,16.11
408,Daye,CN,2022-07-17 05:43:13,30.0833,114.95,81.39,89,100,2.19
409,Richards Bay,ZA,2022-07-17 05:43:13,-28.783,32.0377,63.21,78,14,7.54
410,Sovetskaya,RU,2022-07-17 05:43:13,44.7769,41.1722,74.32,60,42,4.09
411,Rongcheng,CN,2022-07-17 05:44:14,30.634,117.8517,89.96,65,98,7.94
412,Sabha,LY,2022-07-17 05:44:14,27.0377,14.4283,80.47,20,0,10.54
413,Hobyo,SO,2022-07-17 05:44:14,5.3505,48.5268,80.85,62,100,29.53
414,Mendi,PG,2022-07-17 05:44:15,-6.1761,143.6513,60.01,96,99,2.57
415,Vung Tau,VN,2022-07-17 05:44:15,10.346,107.0843,84.42,74,38,11.79
416,Letnyaya Stavka,RU,2022-07-17 05:44:15,45.4306,43.4472,84.45,33,23,9.78
417,Nome,US,2022-07-17 05:43:09,64.5011,-165.4064,63.16,55,0,14.97
418,Imbituba,BR,2022-07-17 05:42:36,-28.24,-48.6703,71.85,73,100,15.01
419,Saint-Augustin,CA,2022-07-17 05:44:16,51.226,-58.6502,59.41,67,81,6.35
420,Bone,DE,2022-07-17 05:44:16,51.9669,12.1396,61.25,66,24,6.62
421,Sabang,ID,2022-07-17 05:44:16,5.8933,95.3214,82.65,75,97,10.51
422,Waingapu,ID,2022-07-17 05:44:17,-9.6567,120.2641,83.82,59,74,16.75
423,Dong Hoi,VN,2022-07-17 05:44:17,17.4833,106.6,94.73,55,100,6.58
424,Kaeo,NZ,2022-07-17 05:44:17,-35.1,173.7833,56.32,78,47,2.26
425,Dubbo,AU,2022-07-17 05:43:27,-32.25,148.6167,62.73,39,40,19.57
426,Stephenville,US,2022-07-17 05:44:18,32.2207,-98.2023,85.87,53,40,3.44
427,Porbandar,IN,2022-07-17 05:44:18,21.6422,69.6093,84.27,80,36,21.97
428,Puerto Colombia,CO,2022-07-17 05:44:18,10.9878,-74.9547,80.69,82,88,21.05
429,Edd,ER,2022-07-17 05:44:19,13.9297,41.6925,91.81,56,99,2.51
430,Wegorzewo,PL,2022-07-17 05:44:19,54.2157,21.7372,56.86,85,90,9.04
431,Iracoubo,GF,2022-07-17 05:44:19,5.4802,-53.2011,76.17,89,71,4.38
432,Chunhuhub,MX,2022-07-17 05:44:19,19.55,-88.6833,72.97,89,73,1.86
433,Alugan,PH,2022-07-17 05:44:20,12.2188,125.4808,84.96,71,100,3.22
434,Popondetta,PG,2022-07-17 05:44:20,-8.7537,148.2534,86.22,54,81,5.79
435,Urumqi,CN,2022-07-17 05:44:20,43.801,87.6005,94.15,12,20,4.47
436,Ixtapa,MX,2022-07-17 05:40:58,20.7,-105.2,79.83,89,100,4.61
437,Obera,AR,2022-07-17 05:44:21,-27.4871,-55.1199,43.39,96,80,2.75
438,Caluquembe,AO,2022-07-17 05:44:21,-13.7833,14.6833,49.98,52,3,3.56
439,Dengzhou,CN,2022-07-17 05:44:21,37.8086,120.7508,77.86,77,75,8.05
440,Acapulco,MX,2022-07-17 05:44:22,16.8634,-99.8901,77.72,84,100,7.7
441,Beloha,MG,2022-07-17 05:44:22,-25.1667,45.05,70.77,65,5,17.49
442,Mulchen,CL,2022-07-17 05:44:22,-37.7167,-72.2333,43.02,89,100,10.69
443,Bose,IT,2022-07-17 05:44:23,45.4612,8.0137,77.16,65,0,4.43
444,Korsakov,RU,2022-07-17 05:44:23,46.6328,142.7813,64.24,95,100,18.34
445,Tartagal,AR,2022-07-17 05:40:32,-22.5164,-63.8013,42.06,68,0,3.09
446,Tabuk,PH,2022-07-17 05:44:23,17.4189,121.4443,87.84,70,100,2.46
447,Ishigaki,JP,2022-07-17 05:44:24,24.3448,124.1572,91.53,79,75,10.36
448,Hovd,MN,2022-07-17 05:44:24,48.0056,91.6419,79.2,21,7,3.22
449,Boshan,CN,2022-07-17 05:44:24,36.4833,117.8333,90.09,64,94,1.79
450,Manitouwadge,CA,2022-07-17 05:44:25,49.1215,-85.8403,57.02,87,57,5.1
451,Tomatlan,MX,2022-07-17 05:44:25,19.9333,-105.25,76.24,86,96,2.73
452,Bosaso,SO,2022-07-17 05:43:56,11.2842,49.1816,94.03,36,90,19.64
453,Brezovo,BG,2022-07-17 05:44:25,42.35,25.0833,83.62,33,4,5.57
454,Korla,CN,2022-07-17 05:44:26,41.7597,86.1469,89.58,21,42,8.84
455,Nouadhibou,MR,2022-07-17 05:44:26,20.931,-17.0347,67.98,94,29,20.71
456,Cefalu,IT,2022-07-17 05:44:27,38.0386,14.0229,80.55,70,0,1.99
457,Kavaratti,IN,2022-07-17 05:44:27,10.5669,72.642,81.9,83,82,17.34
458,Thinadhoo,MV,2022-07-17 05:45:27,0.5333,72.9333,81.64,78,78,9.04
459,Joao Pinheiro,BR,2022-07-17 05:45:27,-17.7425,-46.1725,62.19,59,88,2.71
460,Plainview,US,2022-07-17 05:45:28,40.7765,-73.4673,76.51,85,100,6.91
461,Cabedelo,BR,2022-07-17 05:45:28,-6.9811,-34.8339,74.07,87,46,10.76
462,Acari,PE,2022-07-17 05:45:28,-15.4311,-74.6158,60.21,80,56,5.23
463,Shenjiamen,CN,2022-07-17 05:45:29,29.9576,122.298,82.15,84,75,13.91
464,Grevena,GR,2022-07-17 05:45:29,40.0845,21.4274,72.61,32,0,3.87
465,Mandalgovi,MN,2022-07-17 05:45:30,45.7625,106.2708,76.44,23,85,8.14
466,Thunder Bay,CA,2022-07-17 05:45:30,48.4001,-89.3168,60.78,94,40,3.44
467,Pyaozerskiy,RU,2022-07-17 05:45:30,65.8333,31.1667,62.47,58,51,6.08
468,Port Hedland,AU,2022-07-17 05:45:31,-20.3167,118.5667,82.45,17,1,9.22
469,Tsagan Aman,RU,2022-07-17 05:45:31,47.5639,46.7218,89.65,23,99,13.0
470,Ovsyanka,RU,2022-07-17 05:45:31,55.9575,92.5519,72.57,51,85,3.85
471,Cidreira,BR,2022-07-17 05:45:35,-30.1811,-50.2056,53.96,78,59,24.56
472,Gao,ML,2022-07-17 05:45:36,16.6362,1.637,83.75,55,95,4.61
473,San Cristobal,VE,2022-07-17 05:45:36,7.7669,-72.225,69.98,97,45,2.37
474,Arlit,NE,2022-07-17 05:45:36,18.7369,7.3853,84.88,44,11,3.11
475,Kang,BW,2022-07-17 05:45:37,-23.6752,22.7876,48.2,66,0,6.69
476,Pishva,IR,2022-07-17 05:45:37,35.308,51.7267,95.13,9,0,12.24
477,Merritt Island,US,2022-07-17 05:43:35,28.5392,-80.672,78.04,87,92,5.91
478,Okha,RU,2022-07-17 05:45:38,53.5739,142.9478,60.01,74,62,18.7
479,Leopold,AU,2022-07-17 05:45:38,-38.1833,144.4667,50.18,88,100,18.41
480,Adrar,MR,2022-07-17 05:45:38,20.5022,-10.0711,88.18,15,15,7.0
481,Kigoma,TZ,2022-07-17 05:45:39,-4.8769,29.6267,74.32,50,11,13.78
482,Malpe,IN,2022-07-17 05:45:39,13.35,74.7167,83.5,80,99,11.34
483,Thaba Nchu,ZA,2022-07-17 05:45:39,-29.2093,26.839,45.1,43,0,2.84
484,Barranca,PE,2022-07-17 05:45:40,-10.75,-77.7667,60.04,83,60,6.87
485,Juba,SS,2022-07-17 05:45:40,4.8517,31.5825,73.31,86,91,1.36
486,Buala,SB,2022-07-17 05:45:40,-8.145,159.5921,83.44,72,82,9.28
487,Bonfim,BR,2022-07-17 05:45:41,3.0833,-59.95,73.98,88,90,3.24
488,Cartagena,CO,2022-07-17 05:43:10,10.3997,-75.5144,82.02,83,75,12.71
489,Clinton,US,2022-07-17 05:43:21,42.587,-82.9199,73.42,87,0,0.0
490,Tecoanapa,MX,2022-07-17 05:45:41,16.5167,-98.75,76.3,89,100,5.28
491,Abha,SA,2022-07-17 05:42:04,18.2164,42.5053,75.02,31,46,3.44
492,Mackay,AU,2022-07-17 05:45:41,-21.15,149.2,71.69,76,50,11.61
493,Chilca,PE,2022-07-17 05:45:42,-12.5211,-76.7372,60.13,84,9,3.8
494,Freeport,US,2022-07-17 05:45:42,40.6576,-73.5832,77.02,82,100,6.91
495,Pipri,IN,2022-07-17 05:45:43,19.8,75.5333,83.26,65,96,11.14
496,Valparaiso,CL,2022-07-17 05:43:27,-33.0393,-71.6273,47.48,82,0,5.75
497,Hakkari,TR,2022-07-17 05:45:43,37.5833,44.1667,69.58,40,0,3.44
498,Bartica,GY,2022-07-17 05:45:43,6.4,-58.6167,77.32,99,49,0.76
499,Cayenne,GF,2022-07-17 05:42:31,4.9333,-52.3333,79.09,1,0,0.0
500,Bilma,NE,2022-07-17 05:45:44,18.6853,12.9164,88.09,39,3,2.91
501,Miranda,CO,2022-07-17 05:45:23,3.2499,-76.2281,71.65,92,87,4.25
502,Tucuman,AR,2022-07-17 05:41:08,-26.8241,-65.2226,35.6,87,0,9.22
503,Shingu,JP,2022-07-17 05:45:41,33.7333,135.9833,87.3,58,56,4.32
504,Winnemucca,US,2022-07-17 06:15:48,40.973,-117.7357,84.25,18,0,3.44
505,Kampong Chhnang,KH,2022-07-17 06:15:48,12.1667,104.55,91.26,59,35,1.92
506,Kitgum,UG,2022-07-17 06:15:49,3.2783,32.8867,72.68,75,95,4.83
507,Tual,ID,2022-07-17 06:15:49,-5.6667,132.75,79.32,75,74,23.62
508,Aloleng,PH,2022-07-17 06:15:49,16.1307,119.7824,84.87,75,100,6.96
509,Kjollefjord,NO,2022-07-17 06:15:50,70.9457,27.3465,51.62,93,100,12.66
510,Buraydah,SA,2022-07-17 06:15:50,26.326,43.975,95.45,11,100,8.99
511,Nuoro,IT,2022-07-17 06:15:51,40.3211,9.3297,79.16,37,0,1.41
512,Maridi,SS,2022-07-17 06:15:51,4.9158,29.4742,72.72,80,94,2.98
513,Rockland,US,2022-07-17 06:15:52,41.1668,-74.0496,74.44,93,98,3.44
514,Redcliffe,AU,2022-07-17 06:15:52,-27.2307,153.0973,69.15,56,0,12.66
515,Rocha,UY,2022-07-17 06:11:12,-34.4833,-54.3333,45.93,75,100,14.5
516,Bhuj,IN,2022-07-17 06:15:53,23.2667,69.6667,87.84,66,55,22.64
517,Praya,CV,2022-07-17 06:15:53,14.9215,-23.5087,75.74,83,75,4.61
518,La Massana,AD,2022-07-17 06:15:54,42.5667,1.4833,68.07,31,0,2.28
519,Virden,US,2022-07-17 06:15:54,39.5009,-89.7679,78.06,91,94,5.1
520,Lompoc,US,2022-07-17 06:15:29,34.6391,-120.4579,56.59,95,100,4.61
521,Howard Springs,AU,2022-07-17 06:15:55,-12.497,131.047,84.97,46,55,2.08
522,Port Hardy,CA,2022-07-17 06:15:56,50.6996,-127.4199,51.98,93,20,4.61
523,Lagoa,PT,2022-07-17 06:15:56,39.05,-27.9833,69.96,88,82,9.95
524,Balao,EC,2022-07-17 06:15:56,-2.9167,-79.8167,70.09,91,87,4.76
525,Quatre Cocos,MU,2022-07-17 06:15:57,-20.2078,57.7625,72.09,73,35,17.0
526,Berlevag,NO,2022-07-17 06:15:57,70.8578,29.0864,55.2,87,100,12.66
527,Westport,US,2022-07-17 06:15:57,41.1415,-73.3579,75.18,95,100,0.0
528,Santa Margherita Ligure,IT,2022-07-17 06:15:58,44.3346,9.212,83.75,64,0,1.01
529,Cap Malheureux,MU,2022-07-17 06:15:58,-19.9842,57.6142,72.46,70,33,5.99
530,Sundsvall,SE,2022-07-17 06:15:58,62.3913,17.3063,56.97,49,75,16.11
531,Arusha,TZ,2022-07-17 06:15:59,-3.3667,36.6833,58.14,83,84,6.73
532,Cherskiy,RU,2022-07-17 06:15:59,68.75,161.3,41.79,61,100,22.75
533,Barsana,IN,2022-07-17 06:15:59,27.65,77.3833,99.99,33,40,10.8
534,Chateaubelair,VC,2022-07-17 06:16:00,13.2833,-61.25,78.69,85,100,15.61
535,Pangnirtung,CA,2022-07-17 06:16:00,66.1451,-65.7125,48.6,65,99,1.63
536,Lloydminster,CA,2022-07-17 06:16:00,53.2835,-110.0016,64.62,77,75,5.75
537,Biak,ID,2022-07-17 06:16:01,-0.9131,122.8766,79.93,76,98,8.61
538,Henties Bay,NA,2022-07-17 06:16:01,-22.116,14.2845,70.72,32,0,20.71
539,Jinxiang,CN,2022-07-17 06:16:01,27.4327,120.6062,88.29,74,100,15.9
540,Rio Verde De Mato Grosso,BR,2022-07-17 06:16:02,-18.9181,-54.8442,67.32,71,95,10.67
541,Baykit,RU,2022-07-17 06:16:02,61.67,96.37,68.56,52,91,3.4
542,Olinda,BR,2022-07-17 06:13:25,-8.0089,-34.8553,76.73,83,75,10.36
543,Namalenga,TZ,2022-07-17 06:16:02,-10.95,39.1,70.63,63,0,4.92
544,Kieta,PG,2022-07-17 06:16:03,-6.2167,155.6333,81.91,79,71,7.27
545,Walvis Bay,NA,2022-07-17 06:16:04,-22.9575,14.5053,70.75,26,0,19.57
546,Jieshi,CN,2022-07-17 06:16:04,22.8134,115.8257,86.43,77,100,19.04
547,Tahlequah,US,2022-07-17 06:12:06,35.9154,-94.97,87.08,51,60,6.89
548,Mnogovershinnyy,RU,2022-07-17 06:16:05,53.9353,139.9242,75.88,47,95,3.8
549,Magadan,RU,2022-07-17 06:16:05,59.5667,150.8,69.53,88,88,8.88
550,Rio Gallegos,AR,2022-07-17 06:21:29,-51.6226,-69.2181,30.25,74,0,2.3
551,Camaqua,BR,2022-07-17 06:19:04,-30.8511,-51.8122,49.41,82,99,11.79
552,Lalmohan,BD,2022-07-17 06:21:52,22.3384,90.7419,87.17,73,63,19.98
553,Santa Teresa,VE,2022-07-17 06:21:53,10.2341,-66.6631,72.43,99,99,1.23
554,Sisophon,KH,2022-07-17 06:21:53,13.5859,102.9737,91.24,57,82,11.14
555,Union City,US,2022-07-17 06:21:45,37.5958,-122.0192,71.42,79,0,3.44
556,Hays,US,2022-07-17 06:21:54,30.0502,-98.0336,81.91,70,57,4.0
557,Breves,BR,2022-07-17 06:21:54,-1.6822,-50.4803,72.48,96,34,3.56
558,Sandwick,GB,2022-07-17 06:21:54,60.0,-1.25,55.22,88,100,17.27
559,Eyl,SO,2022-07-17 06:21:55,7.9803,49.8164,84.22,47,89,34.92
560,Ilo,PE,2022-07-17 06:21:55,-17.6394,-71.3375,57.61,80,29,9.33
561,Bichura,RU,2022-07-17 06:21:55,50.5881,107.6022,79.56,33,0,6.15
562,Balaipungut,ID,2022-07-17 06:21:56,1.05,101.2833,94.39,48,53,2.39
563,Pergamino,AR,2022-07-17 06:18:40,-33.89,-60.5736,37.08,71,0,7.09
564,Floro,NO,2022-07-17 06:21:57,61.5996,5.0328,51.76,100,75,17.27
565,Sobolevo,RU,2022-07-17 06:21:57,54.4299,31.8996,58.68,80,15,2.93
566,Devonport,AU,2022-07-17 06:21:57,-41.1667,146.35,49.08,70,77,17.65
567,Acarau,BR,2022-07-17 06:20:31,-2.8856,-40.12,78.48,79,9,17.78
568,Chernyshevskiy,RU,2022-07-17 06:21:58,63.0128,112.4714,61.88,71,100,6.78
569,Yabrud,SY,2022-07-17 06:21:58,33.9674,36.6574,75.47,30,0,3.29
570,Kichmengskiy Gorodok,RU,2022-07-17 06:21:58,59.9816,45.7854,70.11,53,53,1.83
571,Aswan,EG,2022-07-17 06:21:59,24.0934,32.907,88.39,24,13,15.28
572,Elk City,US,2022-07-17 06:21:59,35.412,-99.4043,84.18,39,0,6.91
573,Atambua,ID,2022-07-17 06:25:09,-9.1061,124.8925,80.44,57,23,2.71
574,Calvinia,ZA,2022-07-17 06:25:10,-31.4707,19.776,52.43,47,0,10.47
575,Elektrogorsk,RU,2022-07-17 06:25:10,55.8794,38.7919,66.13,61,99,3.53
576,Aasiaat,GL,2022-07-17 06:25:10,68.7098,-52.8699,36.93,88,64,5.44
577,Goundi,TD,2022-07-17 06:25:11,9.3627,17.366,72.93,94,100,1.83
578,Rawson,AR,2022-07-17 06:25:11,-43.3002,-65.1023,38.05,59,31,10.71
579,Kosa,RU,2022-07-17 06:25:11,59.9445,54.9977,73.31,45,0,7.81
580,Kungurtug,RU,2022-07-17 06:25:12,50.5994,97.5228,75.67,30,68,2.73
